{
    "$schema": "http://schema.management.azure.com/schemas/2015-01-01/deploymentTemplate.json#",
    "contentVersion": "1.0.0.0",
    "parameters": {
        "location": {
            "type": "String"
        },
        "storageAccountName": {
            "type": "String"
        },
        "accountType": {
            "type": "String"
        },
        "kind": {
            "type": "String"
        },
        "minimumTlsVersion": {
            "type": "String"
        },
        "supportsHttpsTrafficOnly": {
            "type": "Bool"
        },
        "allowBlobPublicAccess": {
            "type": "Bool"
        },
        "allowSharedKeyAccess": {
            "type": "Bool"
        },
        "defaultOAuth": {
            "type": "Bool"
        },
        "accessTier": {
            "type": "String"
        },
        "publicNetworkAccess": {
            "type": "String"
        },
        "allowCrossTenantReplication": {
            "type": "Bool"
        },
        "networkAclsBypass": {
            "type": "String"
        },
        "networkAclsDefaultAction": {
            "type": "String"
        },
        "networkAclsIpRules": {
            "type": "Array"
        },
        "networkAclsIpv6Rules": {
            "type": "Array"
        },
        "publishIpv6Endpoint": {
            "type": "Bool"
        },
        "dnsEndpointType": {
            "type": "String"
        },
        "largeFileSharesState": {
            "type": "String"
        },
        "keySource": {
            "type": "String"
        },
        "encryptionEnabled": {
            "type": "Bool"
        },
        "keyTypeForTableAndQueueEncryption": {
            "type": "String"
        },
        "infrastructureEncryptionEnabled": {
            "type": "Bool"
        },
        "isBlobSoftDeleteEnabled": {
            "type": "Bool"
        },
        "blobSoftDeleteRetentionDays": {
            "type": "Int"
        },
        "isContainerSoftDeleteEnabled": {
            "type": "Bool"
        },
        "containerSoftDeleteRetentionDays": {
            "type": "Int"
        },
        "isShareSoftDeleteEnabled": {
            "type": "Bool"
        },
        "shareSoftDeleteRetentionDays": {
            "type": "Int"
        }
        ,
        "pdfAiWebhookEndpoint": {
            "type": "String",
            "metadata": {
                "description": "Webhook endpoint URL for PDF-AI to receive blob-created notifications (for example: https://example.com/pdf-ai/webhook). Leave empty to skip creating Event Grid subscription."
            }
        }
    },
    "variables": {},
    "resources": [
        {
            "type": "Microsoft.Storage/storageAccounts",
            "apiVersion": "2025-06-01",
            "name": "[parameters('storageAccountName')]",
            "location": "[parameters('location')]",
            "dependsOn": [],
            "tags": {},
            "sku": {
                "name": "[parameters('accountType')]"
            },
            "kind": "[parameters('kind')]",
            "properties": {
                "minimumTlsVersion": "[parameters('minimumTlsVersion')]",
                "supportsHttpsTrafficOnly": "[parameters('supportsHttpsTrafficOnly')]",
                "allowBlobPublicAccess": "[parameters('allowBlobPublicAccess')]",
                "allowSharedKeyAccess": "[parameters('allowSharedKeyAccess')]",
                "defaultToOAuthAuthentication": "[parameters('defaultOAuth')]",
                "accessTier": "[parameters('accessTier')]",
                "publicNetworkAccess": "[parameters('publicNetworkAccess')]",
                "allowCrossTenantReplication": "[parameters('allowCrossTenantReplication')]",
                "networkAcls": {
                    "bypass": "[parameters('networkAclsBypass')]",
                    "defaultAction": "[parameters('networkAclsDefaultAction')]",
                    "ipRules": "[parameters('networkAclsIpRules')]",
                    "ipv6Rules": "[parameters('networkAclsIpv6Rules')]"
                },
                "dualStackEndpointPreference": {
                    "publishIpv6Endpoint": "[parameters('publishIpv6Endpoint')]"
                },
                "dnsEndpointType": "[parameters('dnsEndpointType')]",
                "largeFileSharesState": "[parameters('largeFileSharesState')]",
                "encryption": {
                    "keySource": "[parameters('keySource')]",
                    "services": {
                        "blob": {
                            "enabled": "[parameters('encryptionEnabled')]"
                        },
                        "file": {
                            "enabled": "[parameters('encryptionEnabled')]"
                        },
                        "table": {
                            "enabled": "[parameters('encryptionEnabled')]"
                        },
                        "queue": {
                            "enabled": "[parameters('encryptionEnabled')]"
                        }
                    },
                    "requireInfrastructureEncryption": "[parameters('infrastructureEncryptionEnabled')]"
                }
            }
        },
        {
            "type": "Microsoft.Storage/storageAccounts/blobServices",
            "apiVersion": "2025-06-01",
            "name": "[concat(parameters('storageAccountName'), '/default')]",
            "dependsOn": [
                "[concat('Microsoft.Storage/storageAccounts/', parameters('storageAccountName'))]"
            ],
            "properties": {
                "deleteRetentionPolicy": {
                    "enabled": "[parameters('isBlobSoftDeleteEnabled')]",
                    "days": "[parameters('blobSoftDeleteRetentionDays')]"
                },
                "containerDeleteRetentionPolicy": {
                    "enabled": "[parameters('isContainerSoftDeleteEnabled')]",
                    "days": "[parameters('containerSoftDeleteRetentionDays')]"
                }
            }
        },
        {
            "type": "Microsoft.Storage/storageAccounts/fileservices",
            "apiVersion": "2025-06-01",
            "name": "[concat(parameters('storageAccountName'), '/default')]",
            "dependsOn": [
                "[concat('Microsoft.Storage/storageAccounts/', parameters('storageAccountName'))]",
                "[concat(concat('Microsoft.Storage/storageAccounts/', parameters('storageAccountName')), '/blobServices/default')]"
            ],
            "properties": {
                "protocolSettings": null,
                "shareDeleteRetentionPolicy": {
                    "enabled": "[parameters('isShareSoftDeleteEnabled')]",
                    "days": "[parameters('shareSoftDeleteRetentionDays')]"
                }
            }
        }
        ,
        {
            "type": "Microsoft.Storage/storageAccounts/blobServices/containers",
            "apiVersion": "2022-09-01",
            "name": "[concat(parameters('storageAccountName'), '/default/pdfs')]",
            "dependsOn": [
                "[concat('Microsoft.Storage/storageAccounts/', parameters('storageAccountName'))]",
                "[concat(concat('Microsoft.Storage/storageAccounts/', parameters('storageAccountName')), '/blobServices/default')]"
            ],
            "properties": {
                "publicAccess": "None"
            }
        },
        {
            "type": "Microsoft.Storage/storageAccounts/queueServices/queues",
            "apiVersion": "2022-09-01",
            "name": "[concat(parameters('storageAccountName'), '/default/pdf-processing-queue')]",
            "dependsOn": [
                "[concat('Microsoft.Storage/storageAccounts/', parameters('storageAccountName'))]"
            ],
            "properties": {}
        },
        {
            "type": "Microsoft.EventGrid/eventSubscriptions",
            "apiVersion": "2023-06-01",
            "name": "[concat(parameters('storageAccountName'), '-pdfs-to-pdfai-es')]",
            "scope": "[resourceId('Microsoft.Storage/storageAccounts', parameters('storageAccountName'))]",
            "condition": "[not(empty(parameters('pdfAiWebhookEndpoint')))]",
            "dependsOn": [
                "[concat('Microsoft.Storage/storageAccounts/', parameters('storageAccountName'))]",
                "[concat('Microsoft.Storage/storageAccounts/', parameters('storageAccountName'), '/blobServices/default/pdfs')]"
            ],
            "properties": {
                "destination": {
                    "endpointType": "WebHook",
                    "properties": {
                        "endpointUrl": "[parameters('pdfAiWebhookEndpoint')]"
                    }
                },
                "filter": {
                    "isSubjectCaseSensitive": false,
                    "includedEventTypes": [
                        "Microsoft.Storage.BlobCreated"
                    ],
                    "subjectBeginsWith": "/blobServices/default/containers/pdfs/",
                    "subjectEndsWith": ""
                }
            }
        }
    ],
    "outputs": {}
}
